{
	"type": "GenericCrafter",
	"name": "Lead Smelter",
	"description": "Smelts iron into ingots",
	"outputItem": {"item": "iron", "amount": "1"},
	"size": 2,
           "hasPower": false,
	"hasLiquids": false,
	"hasItems": true,
	"itemCapacity": 10,
	"craftTime": 75,
	"updateEffect": "smeltsmoke",
	"consumes": {
		"items": {
			"items": [
				{ "item": "iron-ore", "amount": 1 },
			]
		}
	},	
	"requirements": [
		{ "item": "copper", "amount": 30 },
		{ "item": "lead", "amount": 25 },
	],
	"category": "crafting",
	"research": "iron-presser",
}
